Chord Distribution,
0.25,1
0.3,1.066666667
0.35,1.133333333
0.4,1.2
0.45,1.266666667
0.5,1.333333333
0.55,1.4
0.6,1.466666667
0.65,1.533333333
0.7,1.6
0.75,1.666666667
0.8,1.733333333
0.85,1.8
0.9,1.866666667
0.95,1.933333333
1,2