Twist Distribution,
0.25,0
0.3,0.20943951
0.35,0.41887902
0.4,0.628318531
0.45,0.837758041
0.5,1.047197551
0.55,1.256637061
0.6,1.466076572
0.65,1.675516082
0.7,1.884955592
0.75,2.094395102
0.8,2.303834613
0.85,2.513274123
0.9,2.722713633
0.95,2.932153143
1,3.141592654